Country Name,Country Code,Indicator Name,Indicator Code,1960,1961,1962,1963,1964,1965,1966,1967,1968,1969,1970,1971,1972,1973,1974,1975,1976,1977,1978,1979,1980,1981,1982,1983,1984,1985,1986,1987,1988,1989,1990,1991,1992,1993,1994,1995,1996,1997,1998,1999,2000,2001,2002,2003,2004,2005,2006,2007,2008,2009,2010,2011,2012,2013,2014,2015,2016,2017,2018,2019,2020
Aruba,ABW,Refugee population by country or territory of origin,SM.POP.REFG.OR,,,,,,,,,,,,,,,,,,,,,,,,,,,,,,,,,,,,,,,,,,,,,,,,,,,,,,,,,,,,,
Africa Eastern and Southern,AFE,Refugee population by country or territory of origin,SM.POP.REFG.OR,,,,,,,,,,,,,,,,,,,,,,,,,,,,,,,4690534,4151078,4386290,4584996,4965613,4138229,2920244,2503981,2445877,2675448,2943809,2869509,2877322,2633646,2603262,2538163,2560238,2309301,2162171,2181946,2302759,2771434,2893170,2977764,3559470,4195068,4917140,6058091,5958200,5936536,5960032
Afghanistan,AFG,Refugee population by country or territory of origin,SM.POP.REFG.OR,,,,,,,,,,,,,,,,,,,,500000,1734921,3879984,4488214,4712735,4417651,4653193,5094283,5511740,5622982,5643989,6339095,6306301,4552153,3374575,2731166,2679132,2674234,2676675,2667118,2601690,3587327,3809763,2510294,2136039,2414460,2166139,2107510,3057655,2833116,2887114,3054699,2664423,2586132,2556483,2596259,2666294,2501447,2624265,2681267,2727556,2594774
Africa Western and Central,AFW,Refugee population by country or territory of origin,SM.POP.REFG.OR,,5000,5000,11000,35000,55000,61350,60750,108600,71050,68960,81700,83500,85500,91000,436110,627100,128000,95200,55200,264006,256266,55376,23709,188684,220804,178583,156094,140891,199380,1056416,1018249,1039785,1741076,1762691,1486476,1434430,1037381,968077,942682,825227,595030,647815,678624,618362,557930,479340,438515,465615,483889,507350,600137,641877,724625,919752,1038377,1090727,1155918,1283440,1354330,1458860
Angola,AGO,Refugee population by country or territory of origin,SM.POP.REFG.OR,150000,150000,170000,175000,200000,220000,303800,356200,381360,408190,414120,419690,421500,426550,497390,501830,499190,529830,646110,652980,449030,457060,465890,298110,357821,317392,355412,391733,407566,408692,407760,381638,300494,323822,282570,246653,249686,267687,319420,353472,433756,470616,435415,329573,228842,215811,206482,186137,171374,141006,134851,128657,19253,10274,9468,11855,8388,8292,8243,8176,8264
Albania,ALB,Refugee population by country or territory of origin,SM.POP.REFG.OR,,,,,100,4860,4860,4260,4120,4290,4310,390,2300,2090,380,380,,2000,1980,1610,1681,1680,1645,1610,1576,1587,90,129,358,367,1822,3542,4355,4747,5021,5804,5784,5381,5353,6286,6801,7627,10758,10382,10474,12718,14079,15335,15007,15707,14771,13552,12569,10104,10156,10404,11060,12168,13512,15027,15536
Andorra,AND,Refugee population by country or territory of origin,SM.POP.REFG.OR,,,,,,,,,,,,,,,,,,,,,,,,,,,,,,,,,,,,,,,,,,,9,7,,10,10,10,5,5,5,5,6,5,5,5,,,,,15
Arab World,ARB,Refugee population by country or territory of origin,SM.POP.REFG.OR,,,,,,,,,,,,,,,,,,,,,,,,,,,,,,,2212489,2408680,2614889,1906568,2001744,2005023,2035525,1864272,1806064,1816901,1672624,1872875,1895880,1831003,1879604,1797671,3023523,3722659,3328078,3029124,3034191,3205248,3358921,4804187,6199852,7077036,7703238,8568735,8933134,8827555,8867495
United Arab Emirates,ARE,Refugee population by country or territory of origin,SM.POP.REFG.OR,,,,,,,,,,,,,,,,,,,,,,,,,,,,,,,,,,,,,,,5,5,17,18,29,16,69,31,260,305,255,411,418,484,580,84,84,91,103,137,169,155,191
Argentina,ARG,Refugee population by country or territory of origin,SM.POP.REFG.OR,,,,,,,,,,,,,,,,,,,,,38,38,1019,42,42,51,52,47,46,103,332,196,111,97,467,330,218,157,140,585,608,660,764,777,789,850,888,1164,1039,604,553,506,435,381,311,186,120,121,112,99,139
Armenia,ARM,Refugee population by country or territory of origin,SM.POP.REFG.OR,,,,,170,,,,200,200,200,4070,3500,,,,,440,420,700,333,333,733,333,333,333,528,208,300,,,,195000,200116,201837,201439,203232,203690,193147,193228,5787,7206,13244,13158,13409,13965,14913,15435,16333,18004,17553,16491,15937,11995,11839,11211,10707,10786,11040,10962,10518
American Samoa,ASM,Refugee population by country or territory of origin,SM.POP.REFG.OR,,,,,,,,,,,,,,,,,,,,,,,,,,,,,,,,,,,,,,,,,,,,,,,,,,,,,,,,,,,,,
Antigua and Barbuda,ATG,Refugee population by country or territory of origin,SM.POP.REFG.OR,,,,,,,,,,,,,,,,,,,,,,,,,,,,,,,,,,,,,,,,,,5,5,5,13,13,18,24,25,27,28,32,45,50,53,56,82,99,107,117,118
Australia,AUS,Refugee population by country or territory of origin,SM.POP.REFG.OR,,,,,,,,,,,,,,,,,,,,,,,,,,,,,,,,,,,,,,,,,,,9,12,11,41,29,57,37,23,38,38,47,27,27,21,15,10,10,20,35
Austria,AUT,Refugee population by country or territory of origin,SM.POP.REFG.OR,,,,,,,,,,,,,,,,,,,,,,,,,,,,,,,,,,,60,49,53,54,63,47,33,27,72,68,44,62,30,19,15,15,10,10,15,5,5,,,10,24,18,33
Azerbaijan,AZE,Refugee population by country or territory of origin,SM.POP.REFG.OR,,,,,,,,,,,,,,,,,,,,,,,,,,,,,,,,,300000,328005,299092,200519,236086,234949,329655,311131,284278,268755,260217,253248,250584,233678,126068,15922,16321,16945,16756,16168,15541,10808,10508,9707,10118,10893,11246,11626,101531
Burundi,BDI,Refugee population by country or territory of origin,SM.POP.REFG.OR,,,,,,3000,250,,,,,,129000,131895,120880,141940,152320,153550,148180,151680,169770,182950,176270,176550,182910,199810,210620,186910,190153,191441,191619,223942,184129,871376,389698,350575,428680,519116,502555,527437,568070,553987,574552,531626,485753,438695,396533,375720,281583,94221,84053,101282,73354,72636,72477,292750,408066,439320,387850,380900,373036
Belgium,BEL,Refugee population by country or territory of origin,SM.POP.REFG.OR,,,,,,,,,,,,,,,,,,,,,,,,,,,,,,,,,,,,5,5,9,14,15,20,11,21,40,41,95,63,53,58,66,80,88,91,76,76,66,44,52,50,34,33
Benin,BEN,Refugee population by country or territory of origin,SM.POP.REFG.OR,,,,,,,,,,,,,,,,,100,,200,200,,,,,,,50,50,50,60,,,,62,72,50,42,41,45,44,47,52,228,274,299,402,207,265,315,409,438,460,451,294,330,400,479,572,659,721,666
Burkina Faso,BFA,Refugee population by country or territory of origin,SM.POP.REFG.OR,,,,,,,,,,,,,,,,,,,,,,,,,50,90,110,50,,,,6,61,61,69,60,64,112,100,101,124,90,970,852,575,602,373,557,719,983,1141,1262,1458,1578,1853,2147,2352,2694,11447,11733,15768
Bangladesh,BGD,Refugee population by country or territory of origin,SM.POP.REFG.OR,,,,,,,,,,,,,,,,,,,,,,,,,,,,,5,5,477,613,53921,57154,56196,56958,57962,44375,4659,4470,5404,5544,5804,5563,5733,7303,7796,10236,10097,10428,10044,10045,10157,9718,10870,12155,13840,16780,21023,22766,18992
Bulgaria,BGR,Refugee population by country or territory of origin,SM.POP.REFG.OR,,,,,,,,,,90,320,340,340,340,300,300,,,290,,329,274,257,227,183,190,160,138,898,869,1922,2733,2980,3157,4692,4157,3246,3049,3121,2652,2404,2122,2843,2565,2227,4250,3431,3306,3036,2743,2558,2322,2143,1875,1644,1264,799,716,620,566,525
Bahrain,BHR,Refugee population by country or territory of origin,SM.POP.REFG.OR,,,,,,,,,,,,,,,,,,,,,,,,,,,,,,,39,52,53,59,74,70,64,82,94,124,92,46,49,50,52,40,56,65,72,72,81,213,294,274,344,422,461,497,540,557,554
"Bahamas, The",BHS,Refugee population by country or territory of origin,SM.POP.REFG.OR,,,,,,,,,,,,,,,,,,,,,,,,,,,,,,,,,,,,,,,,,,,,,,,12,14,11,12,17,184,195,208,216,216,298,378,421,501,544
Bosnia and Herzegovina,BIH,Refugee population by country or territory of origin,SM.POP.REFG.OR,,,,,,,,,,,,,,,,,,,,,,,,,,,,,,,,,437501,618428,776090,769753,993868,849240,640077,598193,504980,447326,406456,300012,228813,109931,199948,78267,74358,70006,62996,58572,51815,26787,21883,18763,18194,17690,16956,16556,15625
Belarus,BLR,Refugee population by country or territory of origin,SM.POP.REFG.OR,,,,,,,,,,,,,,,,,,,,,,,,,,,,,,,,,,,37,84,499,300,292,1505,2515,3691,6366,7817,8226,8849,9368,4961,5376,5518,5735,5916,6181,4387,4296,4117,3831,3650,3526,3425,3199
Belize,BLZ,Refugee population by country or territory of origin,SM.POP.REFG.OR,,,,,,,,,,,,,,,,,,,,,,,,,,,,,,,,,,,8,8,5,,,11,12,,,9,6,5,18,13,18,16,21,29,35,37,42,48,58,64,68,73,78
Bermuda,BMU,Refugee population by country or territory of origin,SM.POP.REFG.OR,,,,,,,,,,,,,,,,,,,,,,,,,,,,,,,,,,,,,,,,,,,,,,,,,,,,,,,,,,,,,
Bolivia,BOL,Refugee population by country or territory of origin,SM.POP.REFG.OR,,,,,,,,,,,1400,2930,1730,,1650,90,60,,,,170,100,270,,,,,,,26,729,67,28,40,177,180,177,163,187,176,177,157,215,260,280,263,371,423,455,570,589,615,616,594,594,566,530,520,502,514,580
Brazil,BRA,Refugee population by country or territory of origin,SM.POP.REFG.OR,,,,,,,,,,,,2000,2000,,,,,,,,5,5,5,5,5,5,5,,,6,15,11,11,9,41,52,84,103,134,194,220,251,438,377,401,370,703,1623,1401,973,991,1040,1073,982,977,893,803,851,1038,1399,1588
Barbados,BRB,Refugee population by country or territory of origin,SM.POP.REFG.OR,,,,,,,,,,,,,,,,,,,,,,,,,,,,,,,,,,,5,,,,,,5,6,6,8,10,8,28,39,33,28,29,42,50,63,82,95,144,172,211,243,245
Brunei Darussalam,BRN,Refugee population by country or territory of origin,SM.POP.REFG.OR,,,,,,,,,,,,,,,,,,,,,,,,,,,,,,,,,,,,5,,,,,,,,,,47,,,,,,,,,,,,,,,20
Bhutan,BTN,Refugee population by country or territory of origin,SM.POP.REFG.OR,,,,,,,,,,,,,,,,,,,,,,,,,,,,,,,,9504,75442,85334,103270,104746,106820,108702,105690,107619,108943,110844,112524,103977,105259,106539,108069,110593,104960,89064,75062,57980,41582,31556,23633,17709,11757,7954,7100,6839,6808
Botswana,BWA,Refugee population by country or territory of origin,SM.POP.REFG.OR,,,,,,,,,,,,,,,,,,,,,,,,,,,,,,5,5,5,5,5,22,27,22,16,16,10,5,,5,5,5,,15,16,29,32,56,88,125,165,234,306,265,279,289,228,206
Central African Republic,CAF,Refugee population by country or territory of origin,SM.POP.REFG.OR,,,,,,,,,,,,,,,,,,,,,,,15000,,,,230,160,170,310,100,320,325,309,264,241,240,139,168,190,135,28698,25368,35394,31056,42875,71669,98092,125090,159542,164902,162861,164567,252854,412028,471093,490879,545513,590858,610152,642437
Canada,CAN,Refugee population by country or territory of origin,SM.POP.REFG.OR,,,,,,,,,,,,,,,,,,,,,,,,,,,,,,,,5,5,5,5,5,10,12,16,19,25,5,52,61,57,120,94,530,100,97,86,108,121,94,89,73,76,75,81,71,85
Central Europe and the Baltics,CEB,Refugee population by country or territory of origin,SM.POP.REFG.OR,,,,,,,,,,,,,,,,,,,,,,,,,,,,,,,90731,60783,218581,230372,163568,304323,349485,379282,362706,373470,351725,306024,320672,273451,248047,167193,128664,118480,112031,90122,78005,73955,72761,58733,48642,41463,34913,33979,33864,33686,33896
Switzerland,CHE,Refugee population by country or territory of origin,SM.POP.REFG.OR,,,,,,,,,,,,,,,,,,,,,,,,,,,,,,,,,,,8,27,32,54,76,90,69,60,55,34,11,14,38,33,32,19,20,20,16,11,16,16,5,5,5,5,5
Channel Islands,CHI,Refugee population by country or territory of origin,SM.POP.REFG.OR,,,,,,,,,,,,,,,,,,,,,,,,,,,,,,,,,,,,,,,,,,,,,,,,,,,,,,,,,,,,,
Chile,CHL,Refugee population by country or territory of origin,SM.POP.REFG.OR,,,,,,,,,,,,,,,13550,15350,2670,3000,3130,3130,1505,1885,2483,1794,1552,2181,2434,1906,608,1201,14547,14006,14042,15265,15475,14274,12801,9775,7005,1539,858,834,1705,1549,1183,929,798,964,988,1305,1163,1182,1145,588,571,554,495,493,479,486,694
China,CHN,Refugee population by country or territory of origin,SM.POP.REFG.OR,,,,,1200000,1330000,1326810,74000,70000,65000,66000,70000,75000,,,,,,,,24,24,104,24,24,124,154,24,265,413,1426,2011,82576,111507,113908,104691,105806,106731,109396,111950,110967,117403,132099,132390,134708,124086,140584,149087,175169,180546,184601,190369,193449,195121,210793,212911,207768,207716,212039,212863,175585
Cote d'Ivoire,CIV,Refugee population by country or territory of origin,SM.POP.REFG.OR,,,,,,,,,,,,,,,,,,,,,,,,,,,,,,,,15,37,41,102,203,272,355,531,561,771,856,23731,33625,23649,18333,26304,22222,22218,23148,41747,154818,100709,85650,71956,71107,46811,40009,38316,39351,37601
Cameroon,CMR,Refugee population by country or territory of origin,SM.POP.REFG.OR,,,,,,,,,,,,,,,,,,,,,,,,,,,,,,60,100,,84,170,236,2018,2111,2250,1349,1651,2067,2729,5228,6215,7631,9096,10373,11499,13852,14752,14952,15149,13360,11410,10739,10565,10344,11032,45118,66241,78560
"Congo, Dem. Rep.",COD,Refugee population by country or territory of origin,SM.POP.REFG.OR,,,,,58700,47000,74800,78190,67330,54530,51650,43470,43920,43380,39820,39410,44070,264940,151560,70450,116750,118970,92455,101571,94512,86418,96619,69428,103537,100786,67423,65816,81269,74817,73279,89742,158794,173994,158828,255942,371705,392142,421355,453465,462186,430919,401908,370372,367991,455852,476691,491470,509275,499551,516765,541487,537474,620805,720302,802974,840449
"Congo, Rep.",COG,Refugee population by country or territory of origin,SM.POP.REFG.OR,,,,,,,,930,330,,,,,,,110,,,,,6,6,6,6,6,6,6,,,,,5,7,7,33,172,214,21143,17141,27297,27570,24237,27994,28950,28140,24428,20599,19726,19922,20546,20682,12836,12113,11744,14498,14772,13291,13295,13354,12743,12635
Colombia,COL,Refugee population by country or territory of origin,SM.POP.REFG.OR,,,,,,,,,,,,,,,,,,,,,,50,100,,,60,50,50,35,65,493,738,841,1040,1361,1902,2168,2376,3536,4412,9278,17937,30624,37992,47380,60447,72793,551741,373532,389753,395579,395950,394112,396711,360291,340116,311059,191635,138583,189254,189889
Comoros,COM,Refugee population by country or territory of origin,SM.POP.REFG.OR,,,,,,,,,,,,,,,,,,,,,,,,,,,,,,5,5,,,,5,10,10,5,27,27,25,25,40,62,52,64,78,93,376,268,365,420,449,509,580,550,572,600,624,658,793
Cabo Verde,CPV,Refugee population by country or territory of origin,SM.POP.REFG.OR,,,,,,,300,300,430,400,400,,,,,,,,,,,,,,,,,,,,,,,,,,,,,,,5,5,7,5,,34,28,27,22,22,22,22,22,27,27,10,5,10,10,25
Costa Rica,CRI,Refugee population by country or territory of origin,SM.POP.REFG.OR,,,,,,,,,,,,,,,,,,,,,,,,,,,,,,,,,5,5,222,209,136,86,50,73,55,86,97,91,136,176,283,361,354,344,352,332,325,463,414,374,202,195,207,206,233
Caribbean small states,CSS,Refugee population by country or territory of origin,SM.POP.REFG.OR,,,,,,,,,,,,,,,,,,,,,,,,,,,,,,,6625,5926,2545,899,1031,920,871,765,628,609,530,473,516,677,990,1594,2290,3031,3299,3540,3857,4560,5138,5641,6199,6332,5657,6010,6356,6080,5751
Cuba,CUB,Refugee population by country or territory of origin,SM.POP.REFG.OR,,,,,,,,,,14500,16700,54500,17070,,1600,,,,,3560,1695,2705,655,925,1356,1876,686,836,3874,7680,13520,17614,21273,22409,23320,24857,25462,24911,23559,23322,20077,18950,18035,16084,15671,19003,33580,7496,7928,7537,7460,7845,7722,7453,7497,6827,5940,5331,5488,6625,8980
Curacao,CUW,Refugee population by country or territory of origin,SM.POP.REFG.OR,,,,,,,,,,,,,,,,,,,,,,,,,,,,,,,,,,,,,,,,,,,,,,,,,,,,,,35,35,35,35,35,35,35,35
Cayman Islands,CYM,Refugee population by country or territory of origin,SM.POP.REFG.OR,,,,,,,,,,,,,,,,,,,,,,,,,,,,,,,,,,,,,,,,,,,,,,,,,,,,,,6,6,6,6,6,6,6,15
Cyprus,CYP,Refugee population by country or territory of origin,SM.POP.REFG.OR,,,,,,,,,,,,,,,,,,700,,,,,,,,,,,11,11,11,,,,6,9,9,7,10,17,12,5,5,5,,5,5,10,15,15,15,10,10,10,10,,,,7,,15
Czech Republic,CZE,Refugee population by country or territory of origin,SM.POP.REFG.OR,,,,,,,,,,,70,70,70,60,50,50,,,,,393,389,494,421,456,981,411,385,5649,5790,6123,4491,3327,5017,4650,2040,977,695,1929,1243,809,1177,6985,6699,4528,3589,2136,1379,1354,1060,811,758,620,984,1321,1280,1266,1272,1236,1166,1127
Germany,DEU,Refugee population by country or territory of origin,SM.POP.REFG.OR,,,,,,,,,,,,,,,,,,,,,,,,,,,,,,,,5,5,8,449,384,421,443,689,1297,1182,1028,924,719,74,75,114,126,162,167,159,169,174,164,170,153,67,66,61,69,76
Djibouti,DJI,Refugee population by country or territory of origin,SM.POP.REFG.OR,,,,,,,,,,,,,,,,,,,,,,,,,,,,,,,5,10,10,36,18065,18092,18096,8143,3222,1879,1911,451,470,520,492,498,479,645,638,613,556,595,626,747,870,1059,1437,1761,2124,2351,2444
Dominica,DMA,Refugee population by country or territory of origin,SM.POP.REFG.OR,,,,,,,,,,,,,,,,,,,,,,,,,,,,,,,,,,,,,,,,,,5,6,17,24,30,49,58,56,51,51,49,52,41,35,35,20,26,36,50,60
Denmark,DNK,Refugee population by country or territory of origin,SM.POP.REFG.OR,,,,,,,,,,,,,,,,,,,,,,,,,,,,,,,,,,,11,18,34,33,28,25,26,5,6,10,10,10,10,15,10,10,6,6,6,6,11,11,,,,5,10
Dominican Republic,DOM,Refugee population by country or territory of origin,SM.POP.REFG.OR,,,,,,,,,,,,,,,,,,,50,,,,,,,,,,,,,,,,30,30,29,50,42,45,48,45,82,89,93,62,141,352,313,222,238,239,280,298,348,382,359,427,472,546,590
Algeria,DZA,Refugee population by country or territory of origin,SM.POP.REFG.OR,,,,,,,,,,,,,,,,,,,,,,5,5,5,5,5,,,5,5,18,55,69,84,20744,1522,2245,3409,5717,7140,8015,8399,12088,11651,10650,12024,8338,10599,9044,8168,6665,6098,5657,3643,3509,3470,3705,4021,4186,4519,4693
East Asia & Pacific (excluding high income),EAP,Refugee population by country or territory of origin,SM.POP.REFG.OR,,,,,,,,,,,,,,,,,,,,,,,,,,,,,,,694674,712093,976752,1013117,930482,932852,891029,870773,839444,926517,849400,792352,784760,707822,711077,727756,804910,724560,740924,976585,987127,988857,989977,1031143,1044260,1017833,1066147,1736102,1728631,1642818,1633086
Early-demographic dividend,EAR,Refugee population by country or territory of origin,SM.POP.REFG.OR,,,,,,,,,,,,,,,,,,,,,,,,,,,,,,,2159783,1269442,1706024,1643657,3439183,2825104,1584063,1117508,1022948,978981,970228,1166946,1481756,1324969,1306280,1360426,1398962,1317745,1300537,1265187,1259115,1246115,1957054,3653182,5372022,6515087,7008880,8517766,8911634,8922340,9182700
East Asia & Pacific,EAS,Refugee population by country or territory of origin,SM.POP.REFG.OR,,,,,,,,,,,,,,,,,,,,,,,,,,,,,,,694674,712098,976757,1013122,930771,933101,891189,870890,839567,926635,849515,792465,785080,708146,711437,728168,806574,726470,742379,977427,988001,989679,990853,1031919,1045121,1018444,1066541,1736488,1729048,1643135,1633439
Europe & Central Asia (excluding high income),ECA,Refugee population by country or territory of origin,SM.POP.REFG.OR,,,,,,,,,,,,,,,,,,,,,,,,,,,,,,,180015,241306,1338973,1574504,1737362,1611458,2093553,1934213,1698091,1517802,1161426,1102730,1522293,1374314,1226996,1041986,1045775,685342,708817,654985,635890,601420,584156,284720,501944,565173,473796,374454,336726,319992,383181
Europe & Central Asia,ECS,Refugee population by country or territory of origin,SM.POP.REFG.OR,,,,,,,,,,,,,,,,,,,,,,,,,,,,,,,217569,272190,1529461,1778161,1875021,1895739,2429519,2303061,2048220,1882064,1505244,1402064,1833354,1638637,1467808,1195080,1167078,796112,813905,738790,708208,670470,652846,340100,547913,604490,507228,407075,369424,352345,415847
Ecuador,ECU,Refugee population by country or territory of origin,SM.POP.REFG.OR,,,,,,,,,,,,,,,,,,,,,,,,,,,,,,,5,27,38,48,174,203,216,215,507,492,669,649,815,720,718,772,878,1329,1063,1029,859,912,848,711,807,1006,1041,1251,1424,1644,1704
"Egypt, Arab Rep.",EGY,Refugee population by country or territory of origin,SM.POP.REFG.OR,,,,,,,,,,,,,,,,,,,50,,,5,5,6,6,7,8,8,14,13,50,98,210,257,501,870,1198,1720,2606,3486,3954,4677,6442,5734,5361,6288,7608,6789,6775,6981,6905,7924,10013,12804,15899,17929,19792,22106,24850,27416,26604
Euro area,EMU,Refugee population by country or territory of origin,SM.POP.REFG.OR,,,,,,,,,,,,,,,,,,,,,,,,,,,,,,,32,16,79,28552,16222,14457,8790,8692,6766,7029,6224,3571,8755,8584,7169,6928,8518,2389,2476,2480,2245,2385,2537,1800,1750,1647,1756,1892,2230,2324,2421
Eritrea,ERI,Refugee population by country or territory of origin,SM.POP.REFG.OR,,,,,,,,,,,,,,,,,,,,400,542,1542,1585,1385,1385,1385,177,167,133,43,43,500633,503200,427208,422432,286711,332222,319076,346779,347134,376847,333222,318167,124111,131108,144062,193738,208748,186391,209164,222454,251941,285356,308210,363081,407428,457247,486209,507260,504300,521949
Spain,ESP,Refugee population by country or territory of origin,SM.POP.REFG.OR,,,,,,,,,,,680,670,650,390,210,140,510,,,,5,5,50,600,60,60,,60,,,,,,,42,36,217,214,57,49,75,45,58,51,53,49,2442,37,26,34,41,42,55,56,60,60,34,39,46,51,52
Estonia,EST,Refugee population by country or territory of origin,SM.POP.REFG.OR,,,,,,,,,,,,,,,,,,,,,,,,,,,,,,,,,59,95,296,350,1309,1265,792,634,460,483,1058,1021,849,738,622,258,248,249,242,225,455,349,340,315,303,288,281,274,277
Ethiopia,ETH,Refugee population by country or territory of origin,SM.POP.REFG.OR,,,,,,,,28600,31000,31000,54350,55200,44640,46300,49200,91410,105700,655350,887670,1623870,2567998,1363266,1334915,1351917,1546134,1749309,1534548,1487663,1513307,1474919,1345928,251243,313131,251828,226429,100986,96264,84386,70663,71040,66396,58980,61235,62674,63153,65447,74007,59845,63861,62877,68838,70601,74965,77109,86857,85839,83958,87448,92232,93467,151336
European Union,EUU,Refugee population by country or territory of origin,SM.POP.REFG.OR,,,,,,,,,,,,,,,,,,,,,,,,,,,,,,,90758,60794,218586,230380,164517,305326,350996,380732,364015,375295,353399,307351,322508,275075,248917,168659,131728,119129,112652,90724,78625,74614,73458,59415,49352,42148,35328,34432,34374,34187,34447
Fragile and conflict affected situations,FCS,Refugee population by country or territory of origin,SM.POP.REFG.OR,,,,,,,,,,,,,,,,,,,,,,,,,,,,,,,11530466,11127309,10521624,9163205,7098740,6253900,6385322,6279335,6234465,6478226,7245866,7587040,6322662,5668199,5974445,5574044,6673361,8204141,7484749,7440605,7663638,7493254,7832463,9456607,11679333,13160244,14545157,17407645,17871009,17894287,18172928
Finland,FIN,Refugee population by country or territory of origin,SM.POP.REFG.OR,,,,,,,,,,,,,,,,,,,,,,,,,,,,,,,,,,,,,,,5,5,5,,8,6,,5,10,5,,6,6,6,5,5,5,10,5,5,5,,
Fiji,FJI,Refugee population by country or territory of origin,SM.POP.REFG.OR,,,,,,,,,,,,,,,,,,,,,,,,,,,,,,,,,19,89,156,222,305,326,301,328,401,731,1071,1088,1280,1376,1686,1824,1862,1888,1849,1576,1314,1109,927,887,791,734,675,591,516
France,FRA,Refugee population by country or territory of origin,SM.POP.REFG.OR,,,,,,,,,,,,,,,,,,,,,,,,,,,,,,,,,,,20,14,46,60,62,60,74,41,92,110,112,286,79,99,97,80,90,92,94,92,84,90,50,54,59,50,49
Faroe Islands,FRO,Refugee population by country or territory of origin,SM.POP.REFG.OR,,,,,,,,,,,,,,,,,,,,,,,,,,,,,,,,,,,,,,,,,,,,,,,,,,,,,,,,,,,,,
"Micronesia, Fed. Sts.",FSM,Refugee population by country or territory of origin,SM.POP.REFG.OR,,,,,,,,,,,,,,,,,,,,,,,,,,,,,,,,,,,,,,,,,,,,,,,,,,,,,,,,,,,,,
Gabon,GAB,Refugee population by country or territory of origin,SM.POP.REFG.OR,,,,,,,,,,,,,,,,,,,,,,,,,,,,,,,,,17,17,22,27,22,17,27,27,27,24,34,37,50,78,96,116,132,145,167,180,189,180,179,174,167,216,342,440,459
United Kingdom,GBR,Refugee population by country or territory of origin,SM.POP.REFG.OR,,,,,,,,,,,,,,,,,,,,,,,,,,,,,,,,,,,106,75,69,75,88,102,109,104,158,146,141,134,170,198,182,155,152,150,150,140,137,128,78,85,84,69,67
Georgia,GEO,Refugee population by country or territory of origin,SM.POP.REFG.OR,,,,,,,,,,,,,,,,,,,,,,,,,,,,,,,,,,6010,5114,305,48485,47159,35665,29873,21818,17490,16970,12488,6620,7289,6337,11805,12597,15015,10636,10115,9266,6787,6687,6505,6405,6535,6983,7519,7358
Ghana,GHA,Refugee population by country or territory of origin,SM.POP.REFG.OR,,5000,5000,5000,5000,5000,,,,,,,,,,,,,,,,,310,1958,2202,3195,2699,3916,4769,4716,4690,4702,4776,4471,14284,13594,15100,14772,13625,13288,14760,14547,15675,15866,14759,18421,9949,5042,13225,14876,20175,20333,24269,21048,22116,22962,15527,16959,18071,18432,13877
Gibraltar,GIB,Refugee population by country or territory of origin,SM.POP.REFG.OR,,,,,,,,,,,,,,,,,,,,,,,,,,,,,,,,,,,,,,,,,,,,,,,,,,,,,,,,,,,,,
Guinea,GIN,Refugee population by country or territory of origin,SM.POP.REFG.OR,,,,,,,,,,,,300,,,,300000,500000,3000,,,,,50,,70,,50,50,50,50,,,16,27,101,441,520,641,911,1148,1489,2009,3417,3868,4777,5816,6830,8269,9481,10912,11978,13164,14062,14559,15247,16995,17536,20333,23493,26857,26836
"Gambia, The",GMB,Refugee population by country or territory of origin,SM.POP.REFG.OR,,,,,,,,,,,,,,,,,,,,,,,,,,,,,,,5,16,25,27,24,156,308,421,574,678,751,732,858,744,684,1680,1249,1257,1336,1966,2233,2572,3063,3382,5122,8473,11589,14564,17237,17813,10601
Guinea-Bissau,GNB,Refugee population by country or territory of origin,SM.POP.REFG.OR,,,,6000,30000,50000,61050,59520,56740,67800,66660,80000,82000,84000,90000,46000,37000,5000,5000,5000,5000,4000,5000,5000,5010,5350,5355,5000,4999,5001,5001,5006,5006,5006,5011,830,854,865,8885,3187,880,917,978,969,1008,1042,1000,1018,1053,1100,1117,1118,1173,1222,1306,1472,1650,1870,2043,2093,1643
Equatorial Guinea,GNQ,Refugee population by country or territory of origin,SM.POP.REFG.OR,,,,,,,,,,,,,,,1000,90000,90000,120000,90000,40000,38000,18000,18000,,,,,,,,,60,115,214,340,342,398,474,419,422,504,526,549,584,540,478,460,402,381,341,306,261,230,196,168,142,131,127,140,156,170
Greece,GRC,Refugee population by country or territory of origin,SM.POP.REFG.OR,,,,,,17690,7090,23420,21820,21590,21290,1480,6610,5900,580,510,450,410,380,360,340,320,300,280,260,,,,6,6,16,6,,,93,221,247,175,173,163,124,93,296,268,221,333,93,92,67,61,52,54,48,88,108,111,101,106,107,95,95
Grenada,GRD,Refugee population by country or territory of origin,SM.POP.REFG.OR,,,,,,,,,,,,,,,,,,,,,,,,,,,,,9,5,5,5,,,5,6,10,11,19,35,23,53,73,76,98,151,204,298,310,332,344,325,316,330,324,270,100,103,96,80,70
Greenland,GRL,Refugee population by country or territory of origin,SM.POP.REFG.OR,,,,,,,,,,,,,,,,,,,,,,,,,,,,,,,,,,,,,,,,,,,,,,,,,,,,,,,,,,,,,
Guatemala,GTM,Refugee population by country or territory of origin,SM.POP.REFG.OR,,,,,,,,,,,,,,,,,,,,,750,1910,36490,41800,47880,52890,52800,53700,53753,45413,47988,52584,53940,50265,49606,42901,40341,37506,32745,28082,20709,16868,13892,6696,4374,3376,6493,6157,5927,5763,5675,6087,6389,6620,7487,10284,12549,16284,19128,22770,24559
Guam,GUM,Refugee population by country or territory of origin,SM.POP.REFG.OR,,,,,,,,,,,,,,,,,,,,,,,,,,,,,,,,,,,,,,,,,,,,,,,,,,,,,,,,,,,,,
Guyana,GUY,Refugee population by country or territory of origin,SM.POP.REFG.OR,,,,,,,,,,,,,,,,,,,,,,,,,,,,,,,,,,,69,59,54,37,38,47,35,36,50,75,191,405,535,676,707,724,746,768,800,800,700,508,269,260,283,284,277
High income,HIC,Refugee population by country or territory of origin,SM.POP.REFG.OR,,,,,,,,,,,,,,,,,,,,,,,,,,,,,,,53101,45705,205198,219402,156698,301762,351773,381258,359622,367926,346401,301754,315154,268363,244466,156721,128161,120370,113793,92437,81638,79755,80523,65456,56443,49417,38716,38461,39226,39103,40244
"Hong Kong SAR, China",HKG,Refugee population by country or territory of origin,SM.POP.REFG.OR,,,,,,,,,,,,,,,,,,,,,,,,,,,,,,,,,,,257,202,102,47,39,17,10,5,,6,7,,8,9,9,10,16,14,18,24,25,33,15,11,11,5,20
Honduras,HND,Refugee population by country or territory of origin,SM.POP.REFG.OR,,,,,,,,,,,,,,,,,,,,,,,,,,,100,,,5,18,21,41,450,1212,1218,1256,1243,1097,1066,904,783,675,606,485,536,1035,1236,1116,1165,1300,1967,2612,3299,4157,6847,10509,14424,18857,26351,34473
Heavily indebted poor countries (HIPC),HPC,Refugee population by country or territory of origin,SM.POP.REFG.OR,,,,,,,,,,,,,,,,,,,,,,,,,,,,,,,11718333,11130997,9714970,9404502,9204830,8083939,6803564,5976327,5785203,5884953,6925065,6804380,5578786,5094182,5379707,5022510,4931377,5607729,5273614,5390387,5709547,5892739,6007760,6117190,6369464,6953390,6848916,7168392,7375253,7518215,7514701
Croatia,HRV,Refugee population by country or territory of origin,SM.POP.REFG.OR,,,,,,,,,,,,,,,,,,,,,,,,,,,,,,,,,168570,151689,76256,245572,310090,349307,338085,353721,335200,290283,274822,230193,215480,119154,93768,100429,97016,76479,65863,62653,62606,49755,40121,33452,26231,24869,24105,23793,23456
Haiti,HTI,Refugee population by country or territory of origin,SM.POP.REFG.OR,,,,,,,,,,,,,,,1000,,,,300,3300,3800,5000,5000,5230,5440,6100,5120,5080,4699,3344,2092,1857,2483,3861,9800,13927,15119,15479,13539,8768,7564,7246,7722,7550,9209,13538,20834,22275,23059,24110,25886,33652,38559,38644,37147,34762,29671,28424,27517,26734,25659
Hungary,HUN,Refugee population by country or territory of origin,SM.POP.REFG.OR,,,,,,3270,3270,3270,3270,3360,3490,220,210,170,150,140,50,,120,,763,744,728,607,430,435,381,329,3887,4359,5767,4734,3994,5014,4468,2349,3082,2670,1243,797,512,949,3515,3394,2747,3516,3117,3384,1612,1535,1435,1234,1085,1218,1264,1447,2909,3336,3927,4007,4617
IBRD only,IBD,Refugee population by country or territory of origin,SM.POP.REFG.OR,,,,,,,,,,,,,,,,,,,,,,,,,,,,,,,2661841,2942685,4096160,3738665,3843145,3777443,4145989,4017488,3821105,3640687,3231588,3170629,3564618,3133399,2795975,2465408,3737053,4635058,4079595,3897704,3753677,3457832,2653238,1948321,2114916,2061860,2006177,1880138,1844442,1914873,2063830
IDA & IBRD total,IBT,Refugee population by country or territory of origin,SM.POP.REFG.OR,,,,,,,,,,,,,,,,,,,,,,,,,,,,,,,14572624,14293113,14376307,13728786,13600727,12399080,11612655,10622769,10101909,10115940,10676388,10447482,9633929,8684284,8639087,7965255,9120128,10681207,9785756,9940921,10119307,9992664,10094784,11321487,14003856,15701620,16751088,19437082,19836854,19916303,20160919
IDA total,IDA,Refugee population by country or territory of origin,SM.POP.REFG.OR,,,,,,,,,,,,,,,,,,,,,,,,,,,,,,,11910783,11350428,10280147,9990121,9757582,8621637,7466666,6605281,6280804,6475253,7444800,7276853,6069311,5550885,5843112,5499847,5383075,6046149,5706161,6043217,6365630,6534832,7441546,9373166,11888940,13639760,14744911,17556944,17992412,18001430,18097089
IDA blend,IDB,Refugee population by country or territory of origin,SM.POP.REFG.OR,,,,,,,,,,,,,,,,,,,,,,,,,,,,,,,617,714,1342,1878,43325,21143,96080,112243,87712,255984,174302,125549,124297,103124,108140,111962,99875,107656,116480,128275,136405,131169,139655,140232,492202,529034,391507,424205,497465,535476,599160
Indonesia,IDN,Refugee population by country or territory of origin,SM.POP.REFG.OR,,,,,,,,,,,,,,,,,,,1000,1000,1000,150,2200,1230,11020,11800,11340,9680,9301,7775,7168,6164,6829,7925,8727,9836,11365,8800,9054,9023,9152,8972,9907,16240,27919,34383,34722,20549,19338,18207,16882,16069,15514,14775,14393,13947,13056,12485,12148,12039,13037
IDA only,IDX,Refugee population by country or territory of origin,SM.POP.REFG.OR,,,,,,,,,,,,,,,,,,,,,,,,,,,,,,,11910166,11349714,10278805,9988243,9714257,8600494,7370586,6493038,6193092,6219269,7270498,7151304,5945014,5447761,5734972,5387885,5283200,5938493,5589681,5914942,6229225,6403663,7301891,9232934,11396738,13110726,14353404,17132739,17494947,17465954,17497929
Isle of Man,IMN,Refugee population by country or territory of origin,SM.POP.REFG.OR,,,,,,,,,,,,,,,,,,,,,,,,,,,,,,,,,,,,,,,,,,,,,,,,,,,,,,,,,,,,,
India,IND,Refugee population by country or territory of origin,SM.POP.REFG.OR,,,,,,,,,,,,,,,,,,,,,,,,,,,,,10,13,197,406,1021,1491,3266,5011,7546,8918,9663,9846,11397,11560,14349,13703,13335,16275,17797,20455,19551,19496,17766,16226,14245,11032,10431,9882,7288,7926,9586,11787,12428
Not classified,INX,Refugee population by country or territory of origin,SM.POP.REFG.OR,,,,,,,,,,,,,,,,,,,,,,,,,,,,,,,,,,,,,,,,,,,,,,,,,,,,,,,,,,,,,
Ireland,IRL,Refugee population by country or territory of origin,SM.POP.REFG.OR,,,,,,,,,,,,,,,,,,,,,,,,,,,,,,,,,,,5,,,,,,5,5,5,6,5,23,5,9,7,7,7,7,7,7,7,5,,,,,5
"Iran, Islamic Rep.",IRN,Refugee population by country or territory of origin,SM.POP.REFG.OR,,,,,,,,,,,,,,,,,,,,,48,803,2480,5577,5244,88245,87921,10992,58259,52798,75889,130366,128781,115516,121288,112360,104122,93986,89967,86845,88266,92490,138362,122530,115171,99430,102479,68398,69051,72772,68786,72366,75934,75061,82202,84950,94103,118640,129941,128998,134767
Iraq,IRQ,Refugee population by country or territory of origin,SM.POP.REFG.OR,,,,,,,,,2700,2700,,,,,,,,,560,31000,31098,66589,103766,103721,101724,401503,400745,410818,508468,507986,1133805,1321853,1343824,771074,749833,718717,714727,707342,675030,642875,526165,530508,422504,368577,311889,262302,1450908,2309246,1903516,1785215,1683576,1428306,746204,401461,369960,264086,316056,362536,372332,336274,333418
Iceland,ISL,Refugee population by country or territory of origin,SM.POP.REFG.OR,,,,,,,,,,,,,,,,,,,,,,,,,,,,,,,,,,,,,5,5,5,5,5,,13,11,8,10,32,10,10,5,5,,,,,,,5,5,5,10
Israel,ISR,Refugee population by country or territory of origin,SM.POP.REFG.OR,,,,,,,,,,,,,,,,,,,,,,,,,,,,,5,5,14,28,37,114,888,937,1121,988,832,473,414,361,561,626,669,624,876,1539,1486,1298,1290,1323,1326,1026,967,787,487,469,492,452,398
Italy,ITA,Refugee population by country or territory of origin,SM.POP.REFG.OR,,,,,,,,,,,,,,,,,,,,,,,,,,,,,,,,,,,145,120,109,112,76,49,46,36,223,208,192,219,106,84,57,42,45,57,65,64,63,69,49,52,69,76,72
Jamaica,JAM,Refugee population by country or territory of origin,SM.POP.REFG.OR,,,,,,,,,,,,,,,,,,,,,,,,,,,,,,,,,,5,10,11,18,21,26,33,37,37,147,260,350,489,661,766,825,908,1055,1248,1404,1501,1682,1857,1998,2224,2448,2529,2518
Jordan,JOR,Refugee population by country or territory of origin,SM.POP.REFG.OR,,,,,,,,,,,,,,,,,,,,,,,,,5,105,5,5,7,14,56,114,183,239,440,511,707,720,897,970,915,773,1280,1149,1158,1778,1592,1778,1883,2111,2250,2244,2363,1622,1711,1836,1919,2119,2426,2313,2489
Japan,JPN,Refugee population by country or territory of origin,SM.POP.REFG.OR,,,,,,,,,,,,,,,,,,,,,,,,,,,,,,,,,,,7,5,,,,,5,5,14,17,19,10,166,519,183,148,149,176,173,154,257,140,53,44,42,39,40
Kazakhstan,KAZ,Refugee population by country or territory of origin,SM.POP.REFG.OR,,,,,,,,,,,,,,,,,,,,,,,,,,,,,,,,,,,24,137,40163,40772,20458,9059,2537,2803,6317,6563,6124,4321,7374,5232,4825,3741,3631,3497,3567,2114,2219,2263,2366,2406,2520,2757,2776
Kenya,KEN,Refugee population by country or territory of origin,SM.POP.REFG.OR,,,,,,,,,,,,,,,,90,,1200,80,80,,,,,,,,,,,7,31,61,83,8772,9320,9390,9563,6037,6131,2367,2551,3089,3159,3842,4638,5356,7544,9682,9609,8585,8731,8946,8580,8546,7902,7526,7567,7480,7705,7452
Kyrgyz Republic,KGZ,Refugee population by country or territory of origin,SM.POP.REFG.OR,,,,,,,,,,,,,,,,,,,,,,,,,,,,,,,,,,,13,20,17118,16321,7450,4003,747,687,2952,3142,3286,3127,2493,2257,2526,2611,2748,3163,3490,2299,2449,2498,2571,2771,2934,2963,2896
Cambodia,KHM,Refugee population by country or territory of origin,SM.POP.REFG.OR,,,,,,,,,,,,57000,55000,35000,,18830,17200,76710,165120,51100,192843,135077,123398,91115,72468,67518,54848,48589,97758,75725,54364,43166,28849,9751,8536,61224,62240,103239,76575,38318,36851,34756,33451,31404,18109,17804,17963,17700,17250,17022,16308,15201,14016,13738,13066,12801,12428,12238,12139,11986,11901
Kiribati,KIR,Refugee population by country or territory of origin,SM.POP.REFG.OR,,,,,,,,,,,,,,,,,,,,,,,,,,,,,,,,,,,,,,,,,,,,15,31,31,39,36,36,31,31,31,34,21,5,,,,,,
St. Kitts and Nevis,KNA,Refugee population by country or territory of origin,SM.POP.REFG.OR,,,,,,,,,,,,,,,,,,,,,,,,,,,,,,,,,,,,,,,,,,,,,,31,,,,,10,7,10,12,20,25,49,51,58,57,54
"Korea, Rep.",KOR,Refugee population by country or territory of origin,SM.POP.REFG.OR,,,,,,,,,,,,,,,,,,,,,,,,,,,,,,,,5,5,5,17,29,40,50,63,72,69,83,244,236,269,266,1333,1183,1099,567,578,508,555,495,478,346,243,239,274,180,156
Kuwait,KWT,Refugee population by country or territory of origin,SM.POP.REFG.OR,,,,,,,,,,,,,,,,,,,,,,,,,,,,,,,46,49,77,91,758,764,854,824,827,988,688,696,705,615,391,374,610,741,847,936,986,1112,1189,971,974,1076,1013,1097,1251,1300,1442
Latin America & Caribbean (excluding high income),LAC,Refugee population by country or territory of origin,SM.POP.REFG.OR,,,,,,,,,,,,,,,,,,,,,,,,,,,,,,,155356,159999,157834,140963,151887,140659,135923,130066,118298,109436,81959,83756,92677,88800,93363,113875,158750,618336,439568,454714,462230,474481,481026,486640,453210,439142,411685,306186,268363,344704,365704
Lao PDR,LAO,Refugee population by country or territory of origin,SM.POP.REFG.OR,,,,,,,,,,,,,,,,55510,62720,78970,119180,128770,105256,89990,80588,85043,86673,99303,91214,78894,135866,133496,135634,122328,96158,74500,54895,58197,46908,37369,29018,21393,16090,12625,11233,10360,16114,24441,26445,10012,8596,8397,8412,8086,7981,7736,7476,7359,7229,7056,6943,6757,6681
Lebanon,LBN,Refugee population by country or territory of origin,SM.POP.REFG.OR,,,,,,,,,,,,,,,,,,,,,,,12590,27270,30060,33140,630,,439,2197,6993,8501,10257,10629,15649,13513,10888,10228,9782,7677,10208,8754,26313,24929,19854,18325,12249,13089,12966,16250,15864,15004,15100,3809,4262,4353,4719,5302,5621,5647,5495
Liberia,LBR,Refugee population by country or territory of origin,SM.POP.REFG.OR,,,,,,,,,,,,,,,,,,,,,,,,,,,,,30,50,735687,673433,520914,704048,797834,744627,783992,493324,365390,294685,266926,244603,275414,353340,335466,231136,160543,91540,75221,71601,70134,66780,23428,17548,13561,9972,6558,6039,5508,5365,5237
Libya,LBY,Refugee population by country or territory of origin,SM.POP.REFG.OR,,,,,,,,,,,,,,,,,,,,,205,226,259,275,291,327,304,250,659,653,579,841,687,595,669,622,271,266,432,563,603,877,1443,1553,1696,1556,1557,1939,2068,2189,2297,4372,5234,3298,4187,6077,8831,11205,13868,16033,17595
St. Lucia,LCA,Refugee population by country or territory of origin,SM.POP.REFG.OR,,,,,,,,,,,,,,,,,,,,,,,,,,,,,,,,,,,,,,,5,10,12,9,12,16,32,96,163,227,288,312,334,432,567,711,921,1011,993,995,1025,843,731
Latin America & Caribbean,LCN,Refugee population by country or territory of origin,SM.POP.REFG.OR,,,,,,,,,,,,,,,,,,,,,,,,,,,,,,,170746,174606,172312,156527,168124,155698,149513,140554,125968,111589,83363,85126,95013,91058,95934,117605,163736,624869,446848,462724,470611,483996,491192,496493,462707,448051,420669,317028,291071,439724,538872
Least developed countries: UN classification,LDC,Refugee population by country or territory of origin,SM.POP.REFG.OR,,,,,,,,,,,,,,,,,,,,,,,,,,,,,,,12258453,11676788,10465754,10198527,9888321,8741162,7447530,6620964,6403899,6643817,7738359,7612688,6279215,5640401,5841632,5490504,5434787,6076718,5703965,5993467,6276897,6329252,6458032,6659559,7414993,8143117,8759184,10753182,10766888,10765040,10716437
Low income,LIC,Refugee population by country or territory of origin,SM.POP.REFG.OR,,,,,,,,,,,,,,,,,,,,,,,,,,,,,,,11534224,10975628,9570612,9275707,9063719,7934913,6655153,5821098,5646152,5778408,6832819,6717320,5471036,4979721,5275997,4911542,4802886,5487826,5131604,5252203,5547313,5614506,6578179,8472688,10654272,12400744,13640385,15751892,16125620,16153531,16160699
Liechtenstein,LIE,Refugee population by country or territory of origin,SM.POP.REFG.OR,,,,,,,,,,,,,,,,,,,,,,,,,,,,,,,,,,,,,,,,,,,,,,,,,,,,,,,,,,,,,
Sri Lanka,LKA,Refugee population by country or territory of origin,SM.POP.REFG.OR,,,,,,,,,,,,,,,,,,,,,,,,,,160,315,219,3388,7692,208271,209349,128115,91837,114454,107587,109576,122277,114971,116698,124156,122414,133240,122005,114050,108132,116948,134945,137742,145712,141065,136600,132718,123075,121991,121427,117472,115632,113955,110341,142716
Lower middle income,LMC,Refugee population by country or territory of origin,SM.POP.REFG.OR,,,,,,,,,,,,,,,,,,,,,,,,,,,,,,,1611270,1699608,1918635,1890974,1899501,1813143,1922665,1869390,1762923,1860891,1845930,2061419,2291351,2009899,1879657,1882458,1860108,1713698,1715101,1671715,1677722,1772921,1606817,1578816,2154959,2253234,2059414,2699347,2737448,2673783,2784713
Low & middle income,LMY,Refugee population by country or territory of origin,SM.POP.REFG.OR,,,,,,,,,,,,,,,,,,,,,,,,,,,,,,,14553585,14339587,14295305,13652002,13577643,12216030,11381655,10357373,9855317,9882727,10469633,10520759,9787087,8803540,8776158,8191651,9375941,10920657,10027874,9957973,10144991,10021919,10124368,11365405,14059242,15764242,16820354,19506980,19896641,19900949,20074194
Lesotho,LSO,Refugee population by country or territory of origin,SM.POP.REFG.OR,,,,,,,,,,,,60,,,110,310,,90,160,160,70,80,,,,,,,,5,5,5,,55,,,,,,,,,5,5,5,,5,5,5,5,5,5,5,10,16,16,5,6,6,6,11
Late-demographic dividend,LTE,Refugee population by country or territory of origin,SM.POP.REFG.OR,,,,,,,,,,,,,,,,,,,,,,,,,,,,,,,927021,987561,1596693,1637938,1679696,1540448,1638050,1621499,1582587,1421955,1153035,1144963,1483550,1427522,1349097,1305779,1284154,1544449,1426428,1490076,1478797,1452622,1444897,1225141,1196556,1165912,1138669,1021364,975189,1008728,1082707
Lithuania,LTU,Refugee population by country or territory of origin,SM.POP.REFG.OR,,,,,,,,,,,,,,,,,,,,,,,,,,,,,,,5,5,10,15,63,107,659,650,276,251,155,210,1365,1535,1470,1440,936,461,486,496,508,523,487,217,182,143,74,73,66,61,68
Luxembourg,LUX,Refugee population by country or territory of origin,SM.POP.REFG.OR,,,,,,,,,,,,,,,,,,,,,,,,,,,,,,,,,,,,,,,,,,,,,,,,,,,,,,,,,,,,5,5
Latvia,LVA,Refugee population by country or territory of origin,SM.POP.REFG.OR,,,,,,,,,,,,,,,,,,,,,,,,,,,,,,,,,5,5,95,158,1956,1916,1014,903,484,610,3080,3173,2822,2428,1424,660,765,787,712,706,662,228,206,187,165,162,152,144,153
"Macao SAR, China",MAC,Refugee population by country or territory of origin,SM.POP.REFG.OR,,,,,,,,,,,,,,,,,,,,,,,,,,,,,,,,,,,,,,,,,5,5,13,13,18,8,8,8,8,8,8,8,,,5,5,5,,,,
St. Martin (French part),MAF,Refugee population by country or territory of origin,SM.POP.REFG.OR,,,,,,,,,,,,,,,,,,,,,,,,,,,,,,,,,,,,,,,,,,,,,,,,,,,,,,,,,,,,,
Morocco,MAR,Refugee population by country or territory of origin,SM.POP.REFG.OR,,,,,,,,,,,,,,,,,,,,,,,,,,,,,5,5,14,46,92,105,179,300,302,309,351,373,394,357,1266,1291,1313,2914,4699,4036,3520,2277,2276,2305,2394,1290,1523,1760,2240,3089,3873,4642,4489
Monaco,MCO,Refugee population by country or territory of origin,SM.POP.REFG.OR,,,,,,,,,,,,,,,,,,,,,,,,,,,,,,,,,,,,,,,,,,,,,,,,,,,,5,5,5,5,5,5,5,5,5,5
Moldova,MDA,Refugee population by country or territory of origin,SM.POP.REFG.OR,,,,,,,,,,,,,,,,,,,,,,,,,,,,,,,,,,5,455,524,5826,5137,2750,2405,2650,3731,10121,11141,11936,12065,11680,4913,5551,5928,6204,6261,6148,2210,2230,2289,2316,2339,2397,2427,2221
Madagascar,MDG,Refugee population by country or territory of origin,SM.POP.REFG.OR,,,,,,,,,,,,,,,,,,,,,,,,,,,,,,,,,,,,77,76,74,66,53,51,36,52,86,132,201,258,282,278,271,266,287,299,298,279,285,292,292,298,298,283
Maldives,MDV,Refugee population by country or territory of origin,SM.POP.REFG.OR,,,,,,,,,,,,,,,,,,,,,,,,,,,,,,,,,,,,,,,,,,,,,,10,20,15,15,15,16,21,22,30,32,39,58,64,74,75,83
Middle East & North Africa,MEA,Refugee population by country or territory of origin,SM.POP.REFG.OR,,,,,,,,,,,,,,,,,,,,,,,,,,,,,,,1228222,1530362,1584150,985831,1019334,950041,945259,916304,878676,864220,761559,1005807,1063473,915026,844370,776846,1943083,2779044,2372262,2017327,1908778,1661560,1696345,3074835,4475952,5377343,6098282,6969777,7351474,7282553,7361625
Mexico,MEX,Refugee population by country or territory of origin,SM.POP.REFG.OR,,,,,,,,,,,,,,,,,,,,,,,,,,,,,,,,,,,248,361,520,663,1011,1358,1288,1592,1668,1650,1740,2309,3301,5568,6160,6433,6809,7471,8438,9396,10672,11340,10387,11679,12870,14621,15408
Marshall Islands,MHL,Refugee population by country or territory of origin,SM.POP.REFG.OR,,,,,,,,,,,,,,,,,,,,,,,,,,,,,,,,,,,,,,,,,,,,,,,,,,,,,,5,5,5,5,7,7,7,7
Middle income,MIC,Refugee population by country or territory of origin,SM.POP.REFG.OR,,,,,,,,,,,,,,,,,,,,,,,,,,,,,,,3019361,3363959,4724693,4376295,4513924,4281117,4726502,4536275,4209165,4104319,3636814,3803439,4316051,3823819,3500161,3280109,4573055,5432831,4896270,4705770,4597678,4407413,3546189,2892717,3404970,3363498,3179969,3755088,3771021,3747418,3913495
North Macedonia,MKD,Refugee population by country or territory of origin,SM.POP.REFG.OR,,,,,,,,,,,,,,,,,,,,,,,,,,,,,,,,,,1895,346,12881,13039,12742,1934,2091,2175,12192,8102,5981,5106,8603,7937,8072,7513,7921,7880,7677,7582,1622,1752,1769,1730,1653,1721,1784,1596
Mali,MLI,Refugee population by country or territory of origin,SM.POP.REFG.OR,,,,,,,,,,,,,,,,,,,,,,,,,,,,,,,,14705,71190,98575,172903,77218,55192,18014,3699,381,364,311,525,456,476,512,586,4489,1751,2927,3659,4289,149930,152812,139249,154202,156415,150305,158267,164466,164601
Malta,MLT,Refugee population by country or territory of origin,SM.POP.REFG.OR,,,,,,,,,,,,,,,,,,,,,,,,,,,,,,,,,,,7,13,18,14,15,23,17,7,7,6,,,25,10,10,10,5,5,5,5,,,,,5,5,5
Myanmar,MMR,Refugee population by country or territory of origin,SM.POP.REFG.OR,,,,,,,,,,,,,5700,,,,,,160000,,,,,,,,,,7,,24,40052,245127,281571,204512,152301,143019,135771,133408,131661,137121,145849,148493,151370,160997,164851,202817,191308,184410,406667,415662,414615,415363,479594,479006,451804,490285,1156742,1145149,1076825,1103299
Middle East & North Africa (excluding high income),MNA,Refugee population by country or territory of origin,SM.POP.REFG.OR,,,,,,,,,,,,,,,,,,,,,,,,,,,,,,,1228123,1530233,1583983,985562,1017373,947957,942933,914012,876512,862360,760249,1004645,1061989,913462,842951,775615,1940562,2775546,2368768,2013842,1905168,1657539,1691955,3071865,4472919,5374224,6095221,6966288,7347453,7278285,7356915
Montenegro,MNE,Refugee population by country or territory of origin,SM.POP.REFG.OR,,,,,,,,,,,,,,,,,,,,,,,,,,,,,,,,,,,,,,,,,,,,,,,136,555,1280,2578,3243,3699,4052,542,601,646,713,704,715,659,545
Mongolia,MNG,Refugee population by country or territory of origin,SM.POP.REFG.OR,,,,,,,,,,,,,,,,,,,,,,,,,,,,,,,,,,,,,5,10,17,25,25,57,277,324,443,655,866,1103,1329,1490,1720,1982,2111,2054,2162,2198,2282,2227,2249,2364,2290
Northern Mariana Islands,MNP,Refugee population by country or territory of origin,SM.POP.REFG.OR,,,,,,,,,,,,,,,,,,,,,,,,,,,,,,,,,,,,,,,,,,,,,,,,,,,,,,,,,,,,,
Mozambique,MOZ,Refugee population by country or territory of origin,SM.POP.REFG.OR,,,,,10000,17000,20800,27750,33750,43120,60070,60410,64400,69800,80960,34750,580,120,130,370,120,5170,20200,50200,51200,72250,193550,635000,921237,1120756,1247991,1316635,1445474,1172548,234495,125561,34656,33652,56,26,24,45,129,106,94,93,216,213,198,130,120,147,155,51,55,55,48,48,57,77,91
Mauritania,MRT,Refugee population by country or territory of origin,SM.POP.REFG.OR,,,,,,,,,,,,,,,,,,,,,,,,,,,,,,48236,65995,79874,79594,67887,68039,84310,83231,70294,70221,29942,29742,29850,30130,30518,31104,31650,33420,33095,45592,39134,37721,39919,33747,34239,34103,34656,36263,36525,37050,37423,37941
Mauritius,MUS,Refugee population by country or territory of origin,SM.POP.REFG.OR,,,,,,,,,,,,,,,,,,,,,,,,,,,,,,,,,,,,12,10,,12,5,29,30,39,54,15,22,75,67,25,21,25,36,57,72,91,101,106,130,156,178,191
Malawi,MWI,Refugee population by country or territory of origin,SM.POP.REFG.OR,,,,,,,150,300,140,190,250,250,250,100,80,30350,60,1050,310,460,420,70,240,440,440,450,440,450,5,5,55,50,50,43,60,37,40,37,27,34,34,26,48,60,95,98,112,93,103,126,168,216,273,323,356,429,427,434,472,514,524
Malaysia,MYS,Refugee population by country or territory of origin,SM.POP.REFG.OR,,,,,,,,,,,,,,,,,,,,,,,,,,,,,,,,5,5,5,83,82,105,88,87,83,79,77,117,235,287,388,575,611,607,530,550,531,523,478,458,435,453,540,817,906,1078
North America,NAC,Refugee population by country or territory of origin,SM.POP.REFG.OR,,,,,,,,,,,,,,,,,,,,,,,,,,,,,,,,13,13,15,369,248,151,87,66,57,198,225,435,455,508,796,1447,2694,2226,2464,3105,3883,4575,4849,5069,4897,378,385,414,369,454
Namibia,NAM,Refugee population by country or territory of origin,SM.POP.REFG.OR,,,,,,,180,230,1330,840,900,900,1000,3410,3420,3970,9020,12930,35760,40580,55620,74520,75170,75110,77550,76916,76966,75726,76591,3704,532,204,17,133,65,12,13,,1900,702,2307,2295,1298,1289,1307,1221,1196,1123,981,918,1013,1067,1097,1138,1250,1272,1363,1368,1331,459,467
New Caledonia,NCL,Refugee population by country or territory of origin,SM.POP.REFG.OR,,,,,,,,,,,,,,,,,,,,,,,,,,,,,,,,,,,,,,,,,,,,,,,,,,,,,,,,,,,,,
Niger,NER,Refugee population by country or territory of origin,SM.POP.REFG.OR,,,,,,,,,,,,,,,,,,,,,,,,,,,,,,,,,22006,22306,22019,10289,10359,2783,418,508,483,478,829,716,676,642,803,817,789,812,794,805,824,674,728,1383,1230,1363,2715,3063,18874
Nigeria,NGA,Refugee population by country or territory of origin,SM.POP.REFG.OR,,,,,,,,,51100,2850,,,,,,,,,,,,,,,,,,5,15,15,15,22,75,95,587,1942,4751,3043,3998,4440,5735,6077,24559,24414,23882,22123,13242,13898,14170,15609,15645,17141,18017,31173,90936,167973,229291,238977,276834,295578,352953
Nicaragua,NIC,Refugee population by country or territory of origin,SM.POP.REFG.OR,,,,,,,,,,,,,,,,,,,144800,16600,960,2500,18970,23520,35020,52650,67550,68540,86563,97698,52617,46789,44275,33056,28596,23936,22818,22495,21390,20572,5070,4397,4049,3984,1822,1463,1827,1899,1533,1473,1426,1464,1526,1530,1580,1469,1409,1467,1671,4376,8711
Netherlands,NLD,Refugee population by country or territory of origin,SM.POP.REFG.OR,,,,,,,,,,,,,,,,,,,,,,,,,,,,,,,,,,,75,86,97,77,57,29,14,5,32,38,45,155,41,44,46,44,52,61,69,59,63,64,32,39,41,55,61
Norway,NOR,Refugee population by country or territory of origin,SM.POP.REFG.OR,,,,,,,,,,,,,,,,,,,,,,,,,,,,,,,,,,,,,,,,,,,5,5,5,12,,,,,,5,5,15,15,10,10,15,5,5,5
Nepal,NPL,Refugee population by country or territory of origin,SM.POP.REFG.OR,,,,,,,,,,,,,,,,,,,,,,,,,,,,,,,,,,,5,27,44,49,95,178,227,300,899,1232,1414,2061,2651,3365,4190,5101,5883,6847,7603,8100,8547,9052,8365,8414,8589,8033,7492
Nauru,NRU,Refugee population by country or territory of origin,SM.POP.REFG.OR,,,,,,,,,,,,,,,,,,,,,,,,,,,,,,,,,,,,,,,,5,5,,,5,,,5,5,5,,,,,,,,,,,,5
New Zealand,NZL,Refugee population by country or territory of origin,SM.POP.REFG.OR,,,,,,,,,,,,,,,,,,,,,,,,,,,,,,,,,,,,,,,,,,,,,,5,7,12,8,9,11,13,19,15,14,16,25,34,34,34,35
OECD members,OED,Refugee population by country or territory of origin,SM.POP.REFG.OR,,,,,,,,,,,,,,,,,,,,,,,,,,,,,,,58105,52126,46950,85179,108856,101531,93159,80898,69611,62515,67920,77254,265274,261832,251819,270085,335784,796891,608492,556029,562295,557017,552133,485887,448470,423991,388455,274313,230886,297455,310255
Oman,OMN,Refugee population by country or territory of origin,SM.POP.REFG.OR,,,,,,,,,,,,,,,,,,,,,,,,,,,,,,,,,,,5,9,8,8,8,8,5,5,19,5,16,10,37,44,55,63,62,58,62,20,25,36,35,39,42,42,52
Other small states,OSS,Refugee population by country or territory of origin,SM.POP.REFG.OR,,,,,,,,,,,,,,,,,,,,,,,,,,,,,,,5666,14929,80801,91008,127848,125117,128176,120125,121820,277928,238239,189482,146153,109565,110651,112803,114063,116461,111780,97619,84762,68728,53707,40590,35037,33019,30896,30754,33354,33126,25622
Pakistan,PAK,Refugee population by country or territory of origin,SM.POP.REFG.OR,,,,,,,,,,,,,,,,,,,,,,,,,,,,,274,409,485,523,1088,1420,4431,5277,7499,5983,6860,8011,10134,12326,23164,24390,25943,29906,25636,31847,32391,35129,39979,35948,49778,48678,335947,297886,105421,128916,132249,136902,133143
Panama,PAN,Refugee population by country or territory of origin,SM.POP.REFG.OR,,,,,,,,,,,,,,,,,,,,,,,,,,,,,47,365,629,640,652,677,486,158,146,123,86,73,70,36,44,29,38,41,72,105,106,102,94,98,107,99,83,62,33,36,44,45,85
Peru,PER,Refugee population by country or territory of origin,SM.POP.REFG.OR,,,,,,,,,,,,,,,,,,,,,,,,,,,,,5,26,255,473,727,1967,4333,5902,6695,6608,7065,7205,6948,6500,6431,5578,4767,4863,6977,7738,7329,6272,5834,5488,5207,4762,4333,3591,2599,2588,2579,2765,2854
Philippines,PHL,Refugee population by country or territory of origin,SM.POP.REFG.OR,,,,,,,,,,,,,,,,,,90000,92000,90000,90000,90000,90000,100000,100000,90000,90000,90000,90000,90000,11,15,45,111,435,515,599,526,45601,45516,45481,45469,45606,409,428,464,888,1550,1348,987,964,945,979,718,661,583,426,443,520,552,490
Palau,PLW,Refugee population by country or territory of origin,SM.POP.REFG.OR,,,,,,,,,,,,,,,,,,,,,,,,,,,,,,,,,,,,,,,,,,,,,,,,,,,,,,,,,,,,,
Papua New Guinea,PNG,Refugee population by country or territory of origin,SM.POP.REFG.OR,,,,,,,,,,,,,,,,,,,,,,,,,,,,,,,,,,,,2000,2006,806,216,6,6,6,12,12,12,20,27,33,44,68,87,126,172,219,285,335,401,406,424,475,515
Poland,POL,Refugee population by country or territory of origin,SM.POP.REFG.OR,,,,,,,,,,,150,150,140,100,70,60,50,,50,,471,505,775,761,994,1655,1102,1475,23266,23072,25632,21643,14518,13385,35934,19731,12868,7292,1880,1238,859,3187,16713,15211,10683,19642,13508,2911,2385,2052,1758,1811,1638,1428,1306,1298,1159,1123,1085,961,925
Pre-demographic dividend,PRE,Refugee population by country or territory of origin,SM.POP.REFG.OR,,,,,,,,,,,,,,,,,,,,,,,,,,,,,,,11492529,12098683,10560074,9755625,7708767,7087614,7162549,6757823,6591791,6850845,7801814,7717025,6328086,5654302,5795196,5327765,6406532,7952579,7196227,7107239,7318007,7239579,6646690,6456353,7232190,7744755,8419067,9817273,9918962,9984333,9925363
Puerto Rico,PRI,Refugee population by country or territory of origin,SM.POP.REFG.OR,,,,,,,,,,,,,,,,,,,,,,,,,,,,,,,,,,,12,12,12,,,,,,,,,,,,,,,,,,,,,,,,
"Korea, Dem. People's Rep.",PRK,Refugee population by country or territory of origin,SM.POP.REFG.OR,,,,,,,,,,,,,,,,,,,,,,,,,,,,,,,,,,,,,10,,5,10,15,17,256,306,344,287,394,602,881,878,915,1046,1126,1163,1275,1094,1419,1176,797,758,694
Portugal,PRT,Refugee population by country or territory of origin,SM.POP.REFG.OR,,,,,,,,,,,,,,,,,,,,,,,,,,,,,,,,,,,25,23,218,213,21,16,24,14,60,54,43,74,25,29,35,30,29,29,32,27,30,28,20,16,20,25,32
Paraguay,PRY,Refugee population by country or territory of origin,SM.POP.REFG.OR,,,,,,,,,,,,,,,,,,,,,,,,,,,,,,,19,8,10,15,64,51,45,19,16,20,20,6,26,34,34,42,103,99,97,77,86,91,101,91,87,88,68,77,73,84,119
West Bank and Gaza,PSE,Refugee population by country or territory of origin,SM.POP.REFG.OR,,,,,,,,,,,,,,,,,3200,,,,,,9800,9110,,31640,52705,2005,5014,8041,8521,65177,95343,81472,82559,72762,80202,76812,77517,100602,110641,349158,428775,350562,349827,349663,334127,341231,340002,95185,93312,94142,94917,96035,97207,98013,97794,99630,100728,96253,100317
Pacific island small states,PSS,Refugee population by country or territory of origin,SM.POP.REFG.OR,,,,,,,,,,,,,,,,,,,,,,,,,,,,,,,,,19,89,156,261,349,370,340,372,450,778,1138,1185,1382,1434,1782,1912,1964,1989,1960,1686,1419,1211,1026,985,892,832,747,664,601
Post-demographic dividend,PST,Refugee population by country or territory of origin,SM.POP.REFG.OR,,,,,,,,,,,,,,,,,,,,,,,,,,,,,,,27353,29606,637717,834319,907037,1065067,1349272,1242360,1018132,999382,891388,794012,809308,665633,571237,356889,418171,231233,224178,194036,177309,170821,164336,104426,322776,395206,299832,198135,150937,117688,94552
French Polynesia,PYF,Refugee population by country or territory of origin,SM.POP.REFG.OR,,,,,,,,,,,,,,,,,,,,,,,,,,,,,,,,,,,,,,,,,,,,,,,,,,,,,,,,,,,,,
Qatar,QAT,Refugee population by country or territory of origin,SM.POP.REFG.OR,,,,,,,,,,,,,,,,,,,,,,,,,,,,,,,,,,,49,30,17,18,21,6,,,10,14,10,6,48,57,69,66,109,93,123,15,23,21,25,31,30,36,38
Romania,ROU,Refugee population by country or territory of origin,SM.POP.REFG.OR,,,,,,,,,,,100,60,90,90,70,70,,,60,,772,854,1157,1211,962,2201,1024,1890,20247,45978,51282,27177,25118,23566,22273,16977,11872,8955,10924,8560,7348,6052,8842,8384,6043,11495,7224,5299,4747,4350,3926,3422,2802,2331,1917,1731,1195,1210,1155,1352,1358
Russian Federation,RUS,Refugee population by country or territory of origin,SM.POP.REFG.OR,,,,,120,,17970,,,,170,160,150,110,80,70,60,50,50,,10821,11562,11569,11574,11577,11582,10226,8683,33636,68496,117736,155576,213802,243312,251394,207027,173722,198055,172724,28319,40309,45154,91625,96414,108096,103037,159383,93218,103061,109452,111944,109783,110587,74310,70552,67008,62759,61584,61457,62353,52717
Rwanda,RWA,Refugee population by country or territory of origin,SM.POP.REFG.OR,,147000,147000,154000,166300,155900,159600,160230,160100,144930,142050,141630,153650,163595,178260,175720,176410,169780,175110,176540,286650,277010,327950,321760,357110,376520,371910,353440,327540,319500,361317,431239,434731,450459,2257570,1819367,469132,67996,77738,88934,119051,84508,75251,75258,63792,100252,92956,80955,72529,129108,115519,106832,97357,83943,79396,286357,286063,258986,247469,246407,245806
South Asia,SAS,Refugee population by country or territory of origin,SM.POP.REFG.OR,,,,,,,,,,,,,,,,,,,,,,,,,,,,,,,6548525,6526696,4811740,3611811,3012788,2958738,2963681,2966979,2909056,2848512,3847588,4072751,2800274,2406909,2680194,2436365,2386427,3369111,3142062,3192059,3344514,2928090,2842237,2788672,3107710,3134444,2765648,2909951,2973843,3024299,2916436
Saudi Arabia,SAU,Refugee population by country or territory of origin,SM.POP.REFG.OR,,,,,,,,,,,,,,,,,,,,,,,,,,,,,,,,,,5,180,261,244,358,362,233,77,29,104,232,212,146,609,737,700,629,659,733,811,575,616,686,937,1219,1492,1721,2030
Sudan,SDN,Refugee population by country or territory of origin,SM.POP.REFG.OR,,,,13000,20300,81560,115000,120990,175500,170400,172960,171330,128450,13050,11770,11000,10600,10850,10850,10850,10850,5350,5350,31000,180060,180855,132759,253166,347309,438899,523996,196242,267767,393868,405129,445277,475302,364571,390001,485449,494351,489931,508863,606230,730631,693621,686296,523029,419249,368178,387265,500005,568935,648936,665956,627080,650391,694556,724787,734780,787755
Senegal,SEN,Refugee population by country or territory of origin,SM.POP.REFG.OR,,,,,,,,,,,,,,,,,,,,,,,,,,,,,5,15006,60006,25137,15463,22594,25619,17587,17630,17163,9712,11598,11077,8554,12069,8347,8325,8662,15150,15886,16007,16306,16255,17710,18717,19815,23110,21267,23054,26584,18208,17208,14004
Singapore,SGP,Refugee population by country or territory of origin,SM.POP.REFG.OR,,,,,,,,,,,,,,,,,,,,,,,,,,,,,8,5,,,,,8,8,18,20,21,24,21,15,40,35,36,35,108,117,106,77,74,65,64,61,55,50,38,48,46,39,42
Solomon Islands,SLB,Refugee population by country or territory of origin,SM.POP.REFG.OR,,,,,,,,,,,,,,,,,,,,,,,,,,,,,,,,,,,,34,34,34,34,34,34,42,55,61,61,27,37,47,51,65,75,72,60,60,70,71,71,57,33,34,37
Sierra Leone,SLE,Refugee population by country or territory of origin,SM.POP.REFG.OR,,,,,,,,,,,,,,,,,,,,,,,,,,,,,8,8,8,142614,253591,311181,275298,379491,375100,329322,406070,490047,402798,179097,141473,70571,41797,40473,42849,32114,32517,15398,11261,7985,6191,5305,4988,4900,4678,4496,4846,5288,5759
El Salvador,SLV,Refugee population by country or territory of origin,SM.POP.REFG.OR,,,,,,,,,,,,,,,,,,,,,91630,304810,242400,244600,243000,180605,171785,167605,166393,39582,30019,33048,30854,26125,30736,23534,19639,17124,12591,12408,7753,7147,6630,5658,4497,4283,6390,6026,5154,5053,4978,6725,8173,9634,10968,14778,19617,25876,32562,41816,45640
San Marino,SMR,Refugee population by country or territory of origin,SM.POP.REFG.OR,,,,,,,,,,,,,,,,,,,,,,,,,,,,,,,,,,,,,,,5,5,5,,5,,,,5,5,,,,,,,,,,,,,
Somalia,SOM,Refugee population by country or territory of origin,SM.POP.REFG.OR,,,,,,,,,,,,,,,,110,50,60,90,90,134,34,118,39,639,1830,3142,60162,351993,360309,470174,732596,812196,574612,631420,638695,636984,608086,557953,524604,475644,440120,432304,402329,389287,395544,464026,457345,561146,678297,770143,1077038,1136710,1121760,1106430,1123144,1012320,986386,949637,901596,814551
Serbia,SRB,Refugee population by country or territory of origin,SM.POP.REFG.OR,,,,,,,,,,130,150,140,130,130,120,120,,,4200,,270,214,177,157,91,91,72,42,99,96,1745,45826,90081,58255,54975,86116,103963,106649,115289,172506,146749,144231,327582,296627,237015,189985,174022,165636,185930,195623,183284,161664,158903,48725,45730,38621,36928,33246,32368,31251,29990
Sub-Saharan Africa (excluding high income),SSA,Refugee population by country or territory of origin,SM.POP.REFG.OR,,,,,,,,,,,,,,,,,,,,,,,,,,,,,,,5746892,5169260,5426023,6326045,6727751,5624366,4354536,3541330,3413916,3618100,3769011,3464525,3525094,3312233,3221577,3096054,3039517,2747762,2627735,2665788,2810062,3371532,3535017,3702365,4479199,5233426,6007857,7213999,7241625,7290851,7418872
South Sudan,SSD,Refugee population by country or territory of origin,SM.POP.REFG.OR,,,,,,,,,,,,,,,,,,,,,,,,,,,,,,,,,,,,,,,,,,,,,,,,,,,,,87007,114469,616206,778722,1436707,2439888,2285301,2234805,2189141
Sub-Saharan Africa,SSF,Refugee population by country or territory of origin,SM.POP.REFG.OR,,,,,,,,,,,,,,,,,,,,,,,,,,,,,,,5746950,5169327,5426075,6326072,6728304,5624705,4354674,3541362,3413954,3618130,3769036,3464539,3525137,3312270,3221624,3096093,3039578,2747816,2627786,2665835,2810109,3371571,3535047,3702389,4479222,5233445,6007867,7214009,7241640,7290866,7418892
Small states,SST,Refugee population by country or territory of origin,SM.POP.REFG.OR,,,,,,,,,,,,,,,,,,,,,,,,,,,,,,,12291,20855,83365,91996,129035,126298,129396,121260,122788,278909,239219,190733,147807,111427,113023,115831,118135,121404,117043,103148,90579,74974,60264,47442,42262,40336,37445,37596,40457,39870,31974
Sao Tome and Principe,STP,Refugee population by country or territory of origin,SM.POP.REFG.OR,,,,,,,,,,,,,,,,,,,,,,,,,,50,,,,,,,,,28,32,47,42,39,29,23,21,41,41,36,23,30,32,32,32,32,32,31,31,24,24,31,31,31,28,28
Suriname,SUR,Refugee population by country or territory of origin,SM.POP.REFG.OR,,,,,,,,,,,,,,,,,,,,,,,,,,,,,,6601,6620,5921,2545,894,915,817,754,663,491,413,334,239,101,67,47,26,65,62,50,44,24,22,14,17,17,19,16,17,22,17,17
Slovak Republic,SVK,Refugee population by country or territory of origin,SM.POP.REFG.OR,,,,,,,,,,,,,,,,,,,,,,,,,,,,,,,,,,,12,24,57,69,143,178,216,189,596,668,618,787,741,346,333,336,157,271,231,321,316,325,792,913,1218,1343,1368
Slovenia,SVN,Refugee population by country or territory of origin,SM.POP.REFG.OR,,,,,,,,,,,,,,,,,,,,,,,,,,,,,,,,,,28429,14829,12858,3369,3414,3299,3293,3278,762,853,608,580,154,1757,47,49,35,35,30,32,27,25,21,20,17,19,19,22
Sweden,SWE,Refugee population by country or territory of origin,SM.POP.REFG.OR,,,,,,,,,,,,,,,,,,,,,,,,,,,,,,,,,,,11,25,37,39,39,30,17,5,27,35,30,75,16,17,16,15,23,23,21,18,18,18,13,14,16,13,8
Eswatini,SWZ,Refugee population by country or territory of origin,SM.POP.REFG.OR,,,,,,,,,,,,,,,,,,,,,,,,,,,,,,,,,,,11,15,16,17,29,27,16,15,20,,6,12,16,21,28,28,32,39,59,103,151,213,224,231,237,224,198
Sint Maarten (Dutch part),SXM,Refugee population by country or territory of origin,SM.POP.REFG.OR,,,,,,,,,,,,,,,,,,,,,,,,,,,,,,,,,,,,,,,,,,,,,,,,,,,,,,,,,,,,,
Seychelles,SYC,Refugee population by country or territory of origin,SM.POP.REFG.OR,,,,,,,,,,,,,,,,,,,,,,,,,,,,,49,49,58,67,52,27,553,339,138,32,38,30,25,14,43,37,47,39,61,54,51,47,47,39,30,24,23,19,10,10,15,15,20
Syrian Arab Republic,SYR,Refugee population by country or territory of origin,SM.POP.REFG.OR,,,,,,,,,1200,1200,,,,,,,,,,500,500,505,505,526,529,2599,534,20,881,397,2148,3037,4408,5412,7087,7995,8611,8653,8132,6693,5868,4861,18908,20816,21430,16395,12327,13684,15206,17915,18451,19931,729012,2468323,3887490,4873236,5524511,6310498,6654374,6615249,6689582
Turks and Caicos Islands,TCA,Refugee population by country or territory of origin,SM.POP.REFG.OR,,,,,,,,,,,,,,,,,,,,,,,,,,,,,,,,,,,,,,,,,,,,,,,,,,,,14,14,15,15,14,14,14,14,14,19
Chad,TCD,Refugee population by country or territory of origin,SM.POP.REFG.OR,,,,,,,,,,,1900,1400,1500,1500,,,,,,10000,221000,234260,17010,16745,181346,212158,170078,146858,130790,125863,184804,72317,66378,212923,211968,59726,58443,55026,61294,58792,54955,46282,47340,52268,52645,48389,36286,55697,55083,54997,53713,42619,39674,48618,48236,14921,14176,16325,10895,11163,10488
East Asia & Pacific (IDA & IBRD countries),TEA,Refugee population by country or territory of origin,SM.POP.REFG.OR,,,,,,,,,,,,,,,,,,,,,,,,,,,,,,,694674,712093,976752,1013117,930482,932852,891019,870773,839439,926512,849390,792335,784504,707521,710733,727469,804521,723963,740048,975707,986212,987811,988851,1029980,1042985,1016739,1064728,1734926,1727834,1642060,1632397
Europe & Central Asia (IDA & IBRD countries),TEC,Refugee population by country or territory of origin,SM.POP.REFG.OR,,,,,,,,,,,,,,,,,,,,,,,,,,,,,,,205647,262949,1522061,1739578,1849552,1876761,2416511,2290812,2038056,1872761,1497485,1396200,1813828,1619718,1453159,1180782,1153051,788682,808218,733516,703511,665884,648400,335903,543371,599923,501186,400446,361916,344746,407562
Togo,TGO,Refugee population by country or territory of origin,SM.POP.REFG.OR,,,,,,,,,,,,,,,,,,,,,,,,,,5,5,5,5,5,5,17,105,291055,167866,93152,25587,7182,3500,3695,4022,4356,10441,10609,10818,51092,27318,22486,16734,18363,18308,17853,15683,10302,9272,8774,8296,8115,8029,8034,7725
Thailand,THA,Refugee population by country or territory of origin,SM.POP.REFG.OR,,,,,,,,,,,,,,,,,,,,,,,,,,,,,,,18,29,33,33,135,209,282,268,290,315,213,90,342,295,320,424,3323,2322,1811,498,351,365,380,218,225,210,148,164,183,171,182
Tajikistan,TJK,Refugee population by country or territory of origin,SM.POP.REFG.OR,,,,,,,,,,,,,,,,,,,,,,,,,,,,,,,,,60008,70108,57143,58960,107508,75880,56350,45166,59937,56107,63264,58935,56776,54753,646,887,541,556,573,604,669,657,722,790,932,1369,1695,1987,2224
Turkmenistan,TKM,Refugee population by country or territory of origin,SM.POP.REFG.OR,,,,,,,,,,,,,,,,,,,,,,,,,,,,,,,,,,,7,45,2936,3179,1562,1051,299,305,797,836,815,818,689,667,735,734,723,711,708,502,470,446,371,365,457,478,515
Latin America & the Caribbean (IDA & IBRD countries),TLA,Refugee population by country or territory of origin,SM.POP.REFG.OR,,,,,,,,,,,,,,,,,,,,,,,,,,,,,,,157226,156992,151039,134118,144787,130829,124039,115643,102409,88267,63281,66170,76972,74966,80253,98594,130116,617320,438876,455147,463105,475911,483211,488713,454856,440858,414232,311092,284896,432300,529034
Timor-Leste,TLS,Refugee population by country or territory of origin,SM.POP.REFG.OR,,,,,,,,,,,,,,,,,,,,,,,,,,,,,,,,,,,,,,,,162472,122202,73042,28097,127,221,251,251,6,7,7,8,8,8,8,13,19,19,13,12,17,11
Middle East & North Africa (IDA & IBRD countries),TMN,Refugee population by country or territory of origin,SM.POP.REFG.OR,,,,,,,,,,,,,,,,,,,,,,,,,,,,,,,1219602,1465056,1488640,904090,934814,875195,862731,837200,798995,761758,649608,655487,633214,562900,493124,425952,1606435,2434315,2028766,1918657,1811856,1563397,1597038,2975830,4375712,5276211,5997427,6866658,7246725,7182032,7256598
Tonga,TON,Refugee population by country or territory of origin,SM.POP.REFG.OR,,,,,,,,,,,,,,,,,,,,,,,,,,,,,,,,,,,,,5,5,,,5,,7,11,5,,5,,5,5,5,7,11,16,19,22,25,34,32,32,36
South Asia (IDA & IBRD),TSA,Refugee population by country or territory of origin,SM.POP.REFG.OR,,,,,,,,,,,,,,,,,,,,,,,,,,,,,,,6548525,6526696,4811740,3611811,3012788,2958738,2963681,2966979,2909056,2848512,3847588,4072751,2800274,2406909,2680194,2436365,2386427,3369111,3142062,3192059,3344514,2928090,2842237,2788672,3107710,3134444,2765648,2909951,2973843,3024299,2916436
Sub-Saharan Africa (IDA & IBRD countries),TSS,Refugee population by country or territory of origin,SM.POP.REFG.OR,,,,,,,,,,,,,,,,,,,,,,,,,,,,,,,5746950,5169327,5426075,6326072,6728304,5624705,4354674,3541362,3413954,3618130,3769036,3464539,3525137,3312270,3221624,3096093,3039578,2747816,2627786,2665835,2810109,3371571,3535047,3702389,4479222,5233445,6007867,7214009,7241640,7290866,7418892
Trinidad and Tobago,TTO,Refugee population by country or territory of origin,SM.POP.REFG.OR,,,,,,,,,,,,,,,,,,,,,,,,,,,,,,,,,,,12,12,17,20,25,24,24,16,35,39,38,61,151,210,228,239,252,296,335,336,371,369,295,310,323,307,297
Tunisia,TUN,Refugee population by country or territory of origin,SM.POP.REFG.OR,,,,,,,,,,,,,,,,,,,,,,,,5,6,6,6,6,7,7,40,61,88,106,208,327,410,703,931,1236,1205,1364,2543,2562,2511,3120,2835,2490,2334,2238,2160,1931,1919,1359,1476,1554,1687,1826,1985,2068,1653
Turkey,TUR,Refugee population by country or territory of origin,SM.POP.REFG.OR,,,,,,,,,,,,,250,,,,,70,60,60,,,300,540,1040,810,850,1085,150,2764,5508,6452,10089,16767,28872,44866,50355,47339,45019,44012,47154,47085,193697,185086,174572,170557,227236,221937,214367,146379,146786,139764,135355,66558,63882,59545,57915,61383,68900,83239,93738
Tuvalu,TUV,Refugee population by country or territory of origin,SM.POP.REFG.OR,,,,,,,,,,,,,,,,,,,,,,,,,,,,,,,,,,,,5,5,5,5,5,5,5,5,5,5,,5,,,,,,,,,,,,,,
Tanzania,TZA,Refugee population by country or territory of origin,SM.POP.REFG.OR,,,,,,,,,,,,,,,320,,90,300,300,600,300,3000,500,500,500,,,2000,5,10,10,13,19,32,62,69,66,59,100,117,310,369,578,703,982,1542,1665,1250,1262,1191,1135,1154,1109,1033,843,810,579,655,723,695,714
Uganda,UGA,Refugee population by country or territory of origin,SM.POP.REFG.OR,,,,,,,,,,,,,,950,2630,2510,3250,8000,8820,88710,224301,176691,271285,315346,293991,306060,238652,111071,21975,21358,58820,39386,32456,33406,31446,24161,28335,55232,13294,13929,32405,40133,40414,35240,31955,34208,21735,21325,7533,7543,6421,5658,5588,8166,7177,6311,6229,6409,7034,7301,7390
Ukraine,UKR,Refugee population by country or territory of origin,SM.POP.REFG.OR,,,,,,,,,,,,,,,,,,,,,,,,,,,,,,,,,39,133,917,1702,6106,6348,4599,12235,19310,26712,85258,94141,89582,84223,63716,25980,28416,24512,25102,25372,25248,5154,237617,321399,239062,139581,93248,59844,35180
Upper middle income,UMC,Refugee population by country or territory of origin,SM.POP.REFG.OR,,,,,,,,,,,,,,,,,,,,,,,,,,,,,,,1408091,1664351,2806058,2485321,2614423,2467974,2803837,2666885,2446242,2243428,1790884,1742020,2024700,1813920,1620504,1397651,2712947,3719133,3181169,3034055,2919956,2634492,1939372,1313901,1250011,1110264,1120555,1055741,1033573,1073635,1128782
Uruguay,URY,Refugee population by country or territory of origin,SM.POP.REFG.OR,,,,,,,,,,,,,,,3000,570,1160,,,,24,24,525,25,165,537,47,39,33,203,843,601,431,164,363,263,202,87,72,36,48,45,60,59,76,107,158,193,194,183,185,183,168,144,119,84,23,12,7,15,20
United States,USA,Refugee population by country or territory of origin,SM.POP.REFG.OR,,,,,,,,,,,,,,,,,,,,,,,,,,,,,,,,8,8,10,364,243,141,75,50,38,173,220,383,394,451,676,1353,2164,2126,2367,3019,3775,4454,4755,4980,4824,302,310,333,298,369
Uzbekistan,UZB,Refugee population by country or territory of origin,SM.POP.REFG.OR,,,,,,,,,,,,,,,,,,,,,,,,,,,,,,,,,,,29060,142,69745,69068,51722,45527,3628,3454,6882,7394,7292,8322,9095,5658,6297,6662,8841,12667,11593,4953,4790,4197,3824,3405,3276,3217,3133
St. Vincent and the Grenadines,VCT,Refugee population by country or territory of origin,SM.POP.REFG.OR,,,,,,,,,,,,,,,,,,,,,,,,,,,,,,,,,,,7,7,13,13,24,36,48,67,81,105,181,279,386,644,748,847,946,1126,1315,1535,1736,1823,1335,1311,1258,979,742
"Venezuela, RB",VEN,Refugee population by country or territory of origin,SM.POP.REFG.OR,,,,,,,,,,,,,,,,,,,,,,,,,,,,,,,,,5,135,370,478,558,606,568,554,469,464,525,598,1251,2581,3821,5089,5801,6216,6697,7575,8204,8396,8009,7455,7543,9272,21047,93239,171127
British Virgin Islands,VGB,Refugee population by country or territory of origin,SM.POP.REFG.OR,,,,,,,,,,,,,,,,,,,,,,,,,,,,,,,,,,,,,,,,,,,,,,,,,,,,,,,,,,,,,
Virgin Islands (U.S.),VIR,Refugee population by country or territory of origin,SM.POP.REFG.OR,,,,,,,,,,,,,,,,,,,,,,,,,,,,,,,,,,,,,,,,,,,,,,,,,,,,,,,,,,,,,
Vietnam,VNM,Refugee population by country or territory of origin,SM.POP.REFG.OR,,,,,10000,15000,17000,20000,22000,22000,20000,,,,,2110,4000,14380,124210,397290,346928,312548,325343,328399,328095,326617,326668,325717,440379,456936,496029,498323,517111,527625,539095,543536,518335,476795,435437,405378,370753,353211,373732,363170,349793,358268,374278,327770,328175,339299,338707,337828,336936,314110,313421,313152,329341,334064,334464,316441,316727
Vanuatu,VUT,Refugee population by country or territory of origin,SM.POP.REFG.OR,,,,,,,,,,,,,,,,,,,,,,,,,,,,,,,,,,,,,,,,,,,,,,,,,,,,,,,,,,,,,
World,WLD,Refugee population by country or territory of origin,SM.POP.REFG.OR,,,,,,,,,,,,,,,,,,,,,,,,,,,,,,,19850545,19429141,20545162,19238525,18846657,18141960,16725191,15484076,15053820,15364642,15935134,16043088,14619220,13728696,13805229,13011239,14325353,15952928,15160745,15162394,15239927,15201674,15416945,16728287,19534044,21351537,22524734,25383515,25905096,26044504,26353825
Samoa,WSM,Refugee population by country or territory of origin,SM.POP.REFG.OR,,,,,,,,,,,,,,,,,,,,,,,,,,,,,,,,,,,,,,,,,,,,,,,5,,5,,,,,,,,,,,,
Kosovo,XKX,Refugee population by country or territory of origin,SM.POP.REFG.OR,,,,,,,,,,,,,,,,,,,,,,,,,,,,,,,,,,,,,,,,,,,,,,,,,,,,,,,,,,,,,
"Yemen, Rep.",YEM,Refugee population by country or territory of origin,SM.POP.REFG.OR,,,,,,,,,,,,,,,,,,,15000,15000,15000,,,,,,100000,70000,77000,77000,5,74,31,37,151,366,1154,1721,1928,2021,2104,1976,1595,1588,1599,1322,1364,1622,1765,1928,2070,2321,2582,2413,2623,15901,18427,23555,31145,36522,33369
South Africa,ZAF,Refugee population by country or territory of origin,SM.POP.REFG.OR,,,,,,,390,450,740,290,460,850,790,940,1380,1360,2180,2395,3840,7280,24250,24900,28430,34520,38560,38110,33220,26150,24906,17135,14781,11205,9241,9087,1514,492,286,241,184,190,168,131,271,284,261,259,501,474,449,380,374,422,413,424,422,447,452,461,482,441,494
Zambia,ZMB,Refugee population by country or territory of origin,SM.POP.REFG.OR,,,,,,,,,15000,13000,9000,750,750,750,4000,750,750,,,1000,1210,1200,1200,1200,,,,,,,,,1990,1573,15,22,39,62,75,86,91,55,84,95,119,146,199,192,191,201,221,234,240,230,309,334,256,260,266,259,269
Zimbabwe,ZWE,Refugee population by country or territory of origin,SM.POP.REFG.OR,,,,,,,,,,,,,,,,14720,31220,76520,163160,197640,160,190,,3200,3760,4250,3230,3830,629,5,5,128,8,14,38,37,36,37,40,40,109,257,4024,7154,9557,11246,12774,14366,16824,22441,24080,25033,22082,19719,22478,21332,18141,17420,15618,10045,8614
